dataObject,workerId,quality,relevant,checklist,studyType,questionNumber,checklistSum,kendraRank,acadlit.acadlit,agree.application18a,agree.application18b,agree.application18c,agree.application18d,agree.benefitharm11a,agree.benefitharm11b,agree.benefitharm11c,agree.benefitharm11d,agree.compete23a,agree.compete23b,agree.compete23c,agree.compete23d,agree.evidselect8a,agree.evidselect8b,agree.evidselect8c,agree.evidselect8d,agree.evidselect8e,agree.evidselect8f,agree.evidsl9a,agree.evidsl9b,agree.evidsl9c,agree.evidsl9d,agree.evidsl9e,agree.evidsl9f,agree.evidsl9g,agree.exrev13a,agree.exrev13b,agree.exrev13c,agree.exrev13d,agree.exrev13e,agree.formrecommend10a,agree.formrecommend10b,agree.formrecommend10c,agree.funding22a,agree.funding22b,agree.group4a,agree.group4b,agree.group4c,agree.group4d,agree.group4e,agree.implement19a,agree.keyrecommend17a,agree.keyrecommend17b,agree.link12a,agree.link12b,agree.link12c,agree.monitor21a,agree.monitor21b,agree.monitor21c,agree.monitor21d,agree.object1a,agree.object1b,agree.object1c,agree.options16a,agree.options16b,agree.pop3a,agree.pop3b,agree.pop3c,agree.pop3d,agree.pop3e,agree.question2a,agree.question2b,agree.question2c,agree.question2d,agree.question2e,agree.recommend15a,agree.recommend15b,agree.recommend15c,agree.recommend15d,agree.recommend15e,agree.resource20a,agree.resource20b,agree.resource20c,agree.resource20d,agree.search7a,agree.search7b,agree.search7c,agree.search7d,agree.targpop5a,agree.targpop5b,agree.targpop5c,agree.targpop5d,agree.targuser6a,agree.targuser6b,agree.update14a,agree.update14b,agree.update14c,blog.blog,book.book,cancerrel.cancerrel,care.abstract3a,care.abstract3b,care.abstract3c,care.abstract3d,care.clinfind6,care.consent13,care.diagnosis8a,care.diagnosis8b,care.diagnosis8c,care.diagnosis8d,care.discussion11a,care.discussion11b,care.discussion11c,care.discussion11d,care.follow10a,care.follow10b,care.follow10c,care.follow10d,care.intro4,care.keywords2,care.patient12,care.patinfo5a,care.patinfo5b,care.patinfo5c,care.patinfo5d,care.therapy9a,care.therapy9b,care.therapy9c,care.time7,care.title1,consort.discussion20,consort.discussion21,consort.discussion22,consort.intro2a,consort.intro2b,consort.methods10,consort.methods11a,consort.methods11b,consort.methods12a,consort.methods12b,consort.methods3a,consort.methods3b,consort.methods4a,consort.methods4b,consort.methods5,consort.methods6,consort.methods6b,consort.methods7a,consort.methods7b,consort.methods8a,consort.methods8b,consort.methods9,consort.other23,consort.other24,consort.other25,consort.results13a,consort.results13b,consort.results14a,consort.results14b,consort.results15,consort.results16,consort.results17a,consort.results17b,consort.results18,consort.results19,consort.title1a,consort.title1b,crowd-entity-annotation.entities,expert.expert,flp.flp,guideline.guideline,medicine.anaesthetics,medicine.cardio,medicine.derm,medicine.emergency,medicine.endo,medicine.gastro,medicine.geri,medicine.haem,medicine.intensive,medicine.neuro,medicine.onc,medicine.paed,medicine.psych,medicine.radio,medicine.ren,medicine.resp,medicine.rheum,news.news,otheracadlit.otheracadlit,othermed.epidemio,othermed.immuno,othermed.micro,othermed.nurse,othermed.pharm,othermed.physio,othermed.pubhealth,othermed.vaccine,othertype.othertype,prisma.abstract2,prisma.discussion24,prisma.discussion25,prisma.discussion26,prisma.funding27,prisma.intro3,prisma.intro4,prisma.methods10,prisma.methods11,prisma.methods12,prisma.methods13,prisma.methods14,prisma.methods15,prisma.methods16,prisma.methods5,prisma.methods6,prisma.methods7,prisma.methods8,prisma.methods9,prisma.results17,prisma.results18,prisma.results19,prisma.results20,prisma.results21,prisma.results22,prisma.results23,prisma.title1,report.report,social.social,strobe.discussion18,strobe.discussion19,strobe.discussion20,strobe.discussion21,strobe.intro2,strobe.intro3,strobe.methods10,strobe.methods11,strobe.methods12,strobe.methods4,strobe.methods5,strobe.methods6,strobe.methods7,strobe.methods8,strobe.methods9,strobe.other22,strobe.results13,strobe.results14,strobe.results15,strobe.results16,strobe.results17,strobe.title1,surgical.cardiothor,surgical.colorectal,surgical.ent,surgical.hpb,surgical.maxfac,surgical.oandg,surgical.ophthal,surgical.plastic,surgical.tando,surgical.transplant,surgical.ugi,surgical.uro,surgical.vascular,tripod.discussion18,tripod.discussion19b,tripod.discussion20,tripod.intro3a,tripod.intro3b,tripod.methods10a,tripod.methods10b,tripod.methods10d,tripod.methods11,tripod.methods4a,tripod.methods4b,tripod.methods5a,tripod.methods5b,tripod.methods5c,tripod.methods6a,tripod.methods6b,tripod.methods7a,tripod.methods7b,tripod.methods8,tripod.methods9,tripod.other21,tripod.other22,tripod.results13a,tripod.results13b,tripod.results14a,tripod.results14b,tripod.results15a,tripod.results15b,tripod.results16,tripod.titleabstract1,tripod.titleabstract2,errorreport,medicine.infectiousdis,surgical.neurosurg
0,0,Low,True,,,2,,34,False,False,False,False,False,False,False,False,False,False,False,False,False,False,False,False,False,False,False,False,False,False,False,False,False,False,False,False,False,False,False,False,False,False,False,False,False,False,False,False,False,False,False,False,False,False,False,False,False,False,False,False,False,False,False,False,False,False,False,False,False,False,False,False,False,False,False,False,False,False,False,False,False,False,False,False,False,False,False,False,False,False,False,False,False,False,False,False,False,False,False,False,False,False,False,False,False,False,False,False,False,False,False,False,False,False,False,False,False,False,False,False,False,False,False,False,False,False,False,False,False,False,False,False,False,False,False,False,False,False,False,False,False,False,False,False,False,False,False,False,False,False,False,False,False,False,False,False,False,False,False,False,False,False,False,False,False,False,"[{'endOffset': 2869, 'label': 'relevance', 'startOffset': 2672}, {'endOffset': 3012, 'label': 'relevance', 'startOffset': 2915}]",False,False,False,False,False,False,False,False,False,False,False,False,False,False,False,False,True,False,False,False,False,False,False,False,False,False,False,False,False,False,False,False,False,False,False,False,False,False,False,False,False,False,False,False,False,False,False,False,False,False,False,False,False,False,False,False,False,False,True,False,False,False,False,False,False,False,False,False,False,False,False,False,False,False,False,False,False,False,False,False,False,False,False,False,False,False,False,False,False,False,False,False,False,False,False,False,False,False,False,False,False,False,False,False,False,False,False,False,False,False,False,False,False,False,False,False,False,False,False,False,False,False,False,False,False,False,,,
1,0,Low,True,,,2,,36,True,False,False,False,False,False,False,False,False,False,False,False,False,False,False,False,False,False,False,False,False,False,False,False,False,False,False,False,False,False,False,False,False,False,False,False,False,False,False,False,False,False,False,False,False,False,False,False,False,False,False,False,False,False,False,False,False,False,False,False,False,False,False,False,False,False,False,False,False,False,False,False,False,False,False,False,False,False,False,False,False,False,False,False,False,False,False,False,False,False,False,False,False,False,False,False,False,False,False,False,False,False,False,False,False,False,False,False,False,False,False,False,False,False,False,False,False,False,False,False,False,False,False,False,False,False,False,False,False,False,False,False,False,False,False,False,False,False,False,False,False,False,False,False,False,False,False,False,False,False,False,False,False,False,False,False,False,False,"[{'endOffset': 2543, 'label': 'relevance', 'startOffset': 2294}, {'endOffset': 3750, 'label': 'relevance', 'startOffset': 3126}, {'endOffset': 8422, 'label': 'relevance', 'startOffset': 8172}, {'endOffset': 8786, 'label': 'relevance', 'startOffset': 8424}, {'endOffset': 10062, 'label': 'relevance', 'startOffset': 9551}]",False,False,False,False,False,False,False,False,False,False,False,False,False,False,False,False,True,False,False,False,False,True,False,False,False,False,False,False,False,False,False,False,False,False,False,False,False,False,False,False,False,False,False,False,False,False,False,False,False,False,False,False,False,False,False,False,False,False,False,False,False,False,False,False,False,False,False,False,False,False,False,False,False,False,False,False,False,False,False,False,False,False,False,False,False,False,False,False,False,False,False,False,False,False,False,False,False,False,False,False,False,False,False,False,False,False,False,False,False,False,False,False,False,False,False,False,False,False,False,False,False,False,False,False,False,False,,,
2,0,Medium,True,strobe,Cohort Study,2,19.0,85,True,False,False,False,False,False,False,False,False,False,False,False,False,False,False,False,False,False,False,False,False,False,False,False,False,False,False,False,False,False,False,False,False,False,False,False,False,False,False,False,False,False,False,False,False,False,False,False,False,False,False,False,False,False,False,False,False,False,False,False,False,False,False,False,False,False,False,False,False,False,False,False,False,False,False,False,False,False,False,False,False,False,False,False,False,False,False,False,False,False,False,False,False,False,False,False,False,False,False,False,False,False,False,False,False,False,False,False,False,False,False,False,False,False,False,False,False,False,False,False,False,False,False,False,False,False,False,False,False,False,False,False,False,False,False,False,False,False,False,False,False,False,False,False,False,False,False,False,False,False,False,False,False,False,False,False,False,False,"[{'endOffset': 17824, 'label': 'relevance', 'startOffset': 17553}]",False,False,False,False,False,False,False,False,False,False,False,False,False,False,False,False,True,False,False,False,False,False,False,False,False,False,False,False,False,False,False,False,False,False,False,False,False,False,False,False,False,False,False,False,False,False,False,False,False,False,False,False,False,False,False,False,False,False,False,False,True,True,True,True,True,True,True,True,True,True,True,True,True,True,True,False,False,False,True,True,True,True,False,False,False,False,False,False,False,False,False,False,False,False,False,False,False,False,False,False,False,False,False,False,False,False,False,False,False,False,False,False,False,False,False,False,False,False,False,False,False,False,False,False,False,False,,,
3,1,Medium,True,strobe,Cohort Study,2,22.0,79,True,False,False,False,False,False,False,False,False,False,False,False,False,False,False,False,False,False,False,False,False,False,False,False,False,False,False,False,False,False,False,False,False,False,False,False,False,False,False,False,False,False,False,False,False,False,False,False,False,False,False,False,False,False,False,False,False,False,False,False,False,False,False,False,False,False,False,False,False,False,False,False,False,False,False,False,False,False,False,False,False,False,False,False,False,False,False,False,False,False,False,False,False,False,False,False,False,False,False,False,False,False,False,False,False,False,False,False,False,False,False,False,False,False,False,False,False,False,False,False,False,False,False,False,False,False,False,False,False,False,False,False,False,False,False,False,False,False,False,False,False,False,False,False,False,False,False,False,False,False,False,False,False,False,False,False,False,False,"[{'endOffset': 14, 'label': 'summary', 'startOffset': 13}, {'endOffset': 392, 'label': 'relevance', 'startOffset': 267}, {'endOffset': 837, 'label': 'quality', 'startOffset': 618}, {'endOffset': 1013, 'label': 'quality', 'startOffset': 839}, {'endOffset': 1296, 'label': 'relevance', 'startOffset': 1122}, {'endOffset': 1517, 'label': 'relevance', 'startOffset': 1297}, {'endOffset': 2238, 'label': 'relevance', 'startOffset': 1839}, {'endOffset': 7037, 'label': 'summary', 'startOffset': 6327}, {'endOffset': 7187, 'label': 'summary', 'startOffset': 7038}, {'endOffset': 7753, 'label': 'summary', 'startOffset': 7188}, {'endOffset': 7755, 'label': 'summary', 'startOffset': 7754}, {'endOffset': 8002, 'label': 'summary', 'startOffset': 7755}, {'endOffset': 8520, 'label': 'summary', 'startOffset': 8332}, {'endOffset': 8793, 'label': 'summary', 'startOffset': 8683}, {'endOffset': 8982, 'label': 'summary', 'startOffset': 8861}, {'endOffset': 9363, 'label': 'summary', 'startOffset': 9049}, {'endOffset': 13542, 'label': 'summary', 'startOffset': 13181}, {'endOffset': 14778, 'label': 'summary', 'startOffset': 13968}]",False,False,False,False,False,False,False,False,False,False,False,False,False,False,False,False,False,False,True,False,False,False,False,False,False,False,False,False,False,False,False,False,False,False,False,False,False,False,False,False,False,False,False,False,False,False,False,False,False,False,False,False,False,False,False,False,False,False,False,False,True,True,True,True,True,True,True,True,True,True,True,True,True,True,True,True,True,True,True,True,True,True,False,False,False,False,False,False,False,False,False,False,False,False,False,False,False,False,False,False,False,False,False,False,False,False,False,False,False,False,False,False,False,False,False,False,False,False,False,False,False,False,False,False,False,False,,,
4,2,Medium,False,,,1,,74,True,False,False,False,False,False,False,False,False,False,False,False,False,False,False,False,False,False,False,False,False,False,False,False,False,False,False,False,False,False,False,False,False,False,False,False,False,False,False,False,False,False,False,False,False,False,False,False,False,False,False,False,False,False,False,False,False,False,False,False,False,False,False,False,False,False,False,False,False,False,False,False,False,False,False,False,False,False,False,False,False,False,False,False,False,False,False,False,False,False,False,False,False,False,False,False,False,False,False,False,False,False,False,False,False,False,False,False,False,False,False,False,False,False,False,False,False,False,False,False,False,False,False,False,False,False,False,False,False,False,False,False,False,False,False,False,False,False,False,False,False,False,False,False,False,False,False,False,False,False,False,False,False,False,False,False,False,False,"[{'endOffset': 811, 'label': 'summary', 'startOffset': 565}, {'endOffset': 2093, 'label': 'summary', 'startOffset': 1991}, {'endOffset': 8596, 'label': 'relevance', 'startOffset': 8473}]",False,False,False,False,False,False,False,False,False,False,False,False,False,False,False,False,False,False,False,False,False,True,False,False,False,False,False,False,True,False,False,False,False,False,False,False,False,False,False,False,False,False,False,False,False,False,False,False,False,False,False,False,False,False,False,False,False,False,False,False,False,False,False,False,False,False,False,False,False,False,False,False,False,False,False,False,False,False,False,False,False,False,False,False,False,False,False,False,False,False,False,False,False,False,False,False,False,False,False,False,False,False,False,False,False,False,False,False,False,False,False,False,False,False,False,False,False,False,False,False,False,False,False,False,False,False,,,
5,3,Low,True,,,1,,38,True,False,False,False,False,False,False,False,False,False,False,False,False,False,False,False,False,False,False,False,False,False,False,False,False,False,False,False,False,False,False,False,False,False,False,False,False,False,False,False,False,False,False,False,False,False,False,False,False,False,False,False,False,False,False,False,False,False,False,False,False,False,False,False,False,False,False,False,False,False,False,False,False,False,False,False,False,False,False,False,False,False,False,False,False,False,False,False,False,False,False,False,False,False,False,False,False,False,False,False,False,False,False,False,False,False,False,False,False,False,False,False,False,False,False,False,False,False,False,False,False,False,False,False,False,False,False,False,False,False,False,False,False,False,False,False,False,False,False,False,False,False,False,False,False,False,False,False,False,False,False,False,False,False,False,False,False,False,"[{'endOffset': 1383, 'label': 'quality', 'startOffset': 1238}, {'endOffset': 5204, 'label': 'quality', 'startOffset': 4640}, {'endOffset': 5509, 'label': 'relevance', 'startOffset': 5418}, {'endOffset': 7204, 'label': 'summary', 'startOffset': 6821}, {'endOffset': 7590, 'label': 'quality', 'startOffset': 7461}, {'endOffset': 8453, 'label': 'quality', 'startOffset': 7720}, {'endOffset': 8697, 'label': 'quality', 'startOffset': 8626}, {'endOffset': 9312, 'label': 'relevance', 'startOffset': 8994}, {'endOffset': 10083, 'label': 'relevance', 'startOffset': 9746}, {'endOffset': 10607, 'label': 'summary', 'startOffset': 10215}, {'endOffset': 10905, 'label': 'summary', 'startOffset': 10716}]",False,False,False,False,False,False,False,False,True,False,False,False,False,False,False,False,False,False,False,False,False,True,True,False,True,False,False,False,False,False,False,False,False,False,False,False,False,False,False,False,False,False,False,False,False,False,False,False,False,False,False,False,False,False,False,False,False,False,False,False,False,False,False,False,False,False,False,False,False,False,False,False,False,False,False,False,False,False,False,False,False,False,False,True,False,False,False,False,False,False,False,False,False,False,False,False,False,False,False,False,False,False,False,False,False,False,False,False,False,False,False,False,False,False,False,False,False,False,False,False,False,False,False,False,False,False,,,
6,4,Low,False,,,1,,21,False,False,False,False,False,False,False,False,False,False,False,False,False,False,False,False,False,False,False,False,False,False,False,False,False,False,False,False,False,False,False,False,False,False,False,False,False,False,False,False,False,False,False,False,False,False,False,False,False,False,False,False,False,False,False,False,False,False,False,False,False,False,False,False,False,False,False,False,False,False,False,False,False,False,False,False,False,False,False,False,False,False,False,False,False,False,False,False,False,False,False,False,False,False,False,False,False,False,False,False,False,False,False,False,False,False,False,False,False,False,False,False,False,False,False,False,False,False,False,False,False,False,False,False,False,False,False,False,False,False,False,False,False,False,False,False,False,False,False,False,False,False,False,False,False,False,False,False,False,False,False,False,False,False,False,False,False,False,"[{'endOffset': 1458, 'label': 'quality', 'startOffset': 1379}, {'endOffset': 1648, 'label': 'summary', 'startOffset': 1475}, {'endOffset': 2078, 'label': 'quality', 'startOffset': 1937}]",False,False,False,False,False,False,False,False,True,False,False,False,False,False,False,False,False,False,False,False,False,False,False,False,True,False,False,False,False,False,False,False,False,False,False,False,False,False,False,False,False,False,False,False,False,False,False,False,False,False,False,False,False,False,False,False,False,False,True,False,False,False,False,False,False,False,False,False,False,False,False,False,False,False,False,False,False,False,False,False,False,False,False,False,False,False,False,False,False,False,False,False,False,False,False,False,False,False,False,False,False,False,False,False,False,False,False,False,False,False,False,False,False,False,False,False,False,False,False,False,False,False,False,False,False,False,,,
7,2,Low,False,,,1,,88,True,False,False,False,False,False,False,False,False,False,False,False,False,False,False,False,False,False,False,False,False,False,False,False,False,False,False,False,False,False,False,False,False,False,False,False,False,False,False,False,False,False,False,False,False,False,False,False,False,False,False,False,False,False,False,False,False,False,False,False,False,False,False,False,False,False,False,False,False,False,False,False,False,False,False,False,False,False,False,False,False,False,False,False,False,False,False,False,False,False,False,False,False,False,False,False,False,False,False,False,False,False,False,False,False,False,False,False,False,False,False,False,False,False,False,False,False,False,False,False,False,False,False,False,False,False,False,False,False,False,False,False,False,False,False,False,False,False,False,False,False,False,False,False,False,False,False,False,False,False,False,False,False,False,False,False,False,False,"[{'endOffset': 416, 'label': 'summary', 'startOffset': 339}, {'endOffset': 1454, 'label': 'summary', 'startOffset': 1255}, {'endOffset': 18314, 'label': 'quality', 'startOffset': 18219}]",False,False,False,False,False,False,False,False,False,False,False,False,False,False,True,False,False,False,False,False,False,True,False,True,False,False,False,False,False,False,False,False,False,False,False,False,False,False,False,False,False,False,False,False,False,False,False,False,False,False,False,False,False,False,False,False,False,False,False,False,False,False,False,False,False,False,False,False,False,False,False,False,False,False,False,False,False,False,False,False,False,False,False,False,False,False,False,False,False,False,False,False,False,False,False,False,False,False,False,False,False,False,False,False,False,False,False,False,False,False,False,False,False,False,False,False,False,False,False,False,False,False,False,False,False,False,,,
8,5,Low,True,strobe,Cross-Sectional Study,4,10.0,54,True,False,False,False,False,False,False,False,False,False,False,False,False,False,False,False,False,False,False,False,False,False,False,False,False,False,False,False,False,False,False,False,False,False,False,False,False,False,False,False,False,False,False,False,False,False,False,False,False,False,False,False,False,False,False,False,False,False,False,False,False,False,False,False,False,False,False,False,False,False,False,False,False,False,False,False,False,False,False,False,False,False,False,False,False,False,False,False,False,False,False,False,False,False,False,False,False,False,False,False,False,False,False,False,False,False,False,False,False,False,False,False,False,False,False,False,False,False,False,False,False,False,False,False,False,False,False,False,False,False,False,False,False,False,False,False,False,False,False,False,False,False,False,False,False,False,False,False,False,False,False,False,False,False,False,False,False,False,"[{'endOffset': 477, 'label': 'quality', 'startOffset': 334}, {'endOffset': 1653, 'label': 'summary', 'startOffset': 1184}, {'endOffset': 1746, 'label': 'quality', 'startOffset': 1669}, {'endOffset': 1841, 'label': 'quality', 'startOffset': 1748}]",False,False,False,False,False,False,False,False,False,False,False,False,False,False,False,False,False,False,False,False,False,False,False,False,True,False,False,False,False,False,False,False,False,False,False,False,False,False,False,False,False,False,False,False,False,False,False,False,False,False,False,False,False,False,False,False,False,False,False,False,True,False,True,True,True,True,False,False,False,True,False,False,False,False,False,True,False,False,True,True,False,True,False,False,False,False,False,False,True,False,False,False,False,False,False,False,False,False,False,False,False,False,False,False,False,False,False,False,False,False,False,False,False,False,False,False,False,False,False,False,False,False,False,False,False,False,,,
9,6,Low,True,,,4,,58,True,False,False,False,False,False,False,False,False,False,False,False,False,False,False,False,False,False,False,False,False,False,False,False,False,False,False,False,False,False,False,False,False,False,False,False,False,False,False,False,False,False,False,False,False,False,False,False,False,False,False,False,False,False,False,False,False,False,False,False,False,False,False,False,False,False,False,False,False,False,False,False,False,False,False,False,False,False,False,False,False,False,False,False,False,False,False,False,False,False,False,False,False,False,False,False,False,False,False,False,False,False,False,False,False,False,False,False,False,False,False,False,False,False,False,False,False,False,False,False,False,False,False,False,False,False,False,False,False,False,False,False,False,False,False,False,False,False,False,False,False,False,False,False,False,False,False,False,False,False,False,False,False,False,False,False,False,False,"[{'endOffset': 674, 'label': 'relevance', 'startOffset': 417}, {'endOffset': 1142, 'label': 'quality', 'startOffset': 684}, {'endOffset': 1771, 'label': 'summary', 'startOffset': 1239}, {'endOffset': 3647, 'label': 'quality', 'startOffset': 3357}, {'endOffset': 7601, 'label': 'quality', 'startOffset': 7404}, {'endOffset': 9773, 'label': 'summary', 'startOffset': 9011}]",False,False,False,False,False,False,False,False,False,False,False,False,False,False,False,False,False,False,False,False,False,True,True,False,False,False,False,False,False,False,False,False,False,False,False,False,False,False,False,False,False,False,False,False,False,False,False,False,False,False,False,False,False,False,False,False,False,False,False,False,False,False,False,False,False,False,False,False,False,False,False,False,False,False,False,False,False,False,False,False,False,False,False,False,False,False,False,False,False,False,False,False,False,False,False,False,False,False,False,False,False,False,False,False,False,False,False,False,False,False,False,False,False,False,False,False,False,False,False,False,False,False,False,False,False,False,,,
10,7,Low,True,,,4,,13,False,False,False,False,False,False,False,False,False,False,False,False,False,False,False,False,False,False,False,False,False,False,False,False,False,False,False,False,False,False,False,False,False,False,False,False,False,False,False,False,False,False,False,False,False,False,False,False,False,False,False,False,False,False,False,False,False,False,False,False,False,False,False,False,False,False,False,False,False,False,False,False,False,False,False,False,False,False,False,False,False,False,False,False,False,False,False,False,False,False,False,False,False,False,False,False,False,False,False,False,False,False,False,False,False,False,False,False,False,False,False,False,False,False,False,False,False,False,False,False,False,False,False,False,False,False,False,False,False,False,False,False,False,False,False,False,False,False,False,False,False,False,False,False,False,False,False,False,False,False,False,False,False,False,False,False,False,False,"[{'endOffset': 265, 'label': 'quality', 'startOffset': 75}, {'endOffset': 863, 'label': 'summary', 'startOffset': 288}, {'endOffset': 14013, 'label': 'relevance', 'startOffset': 13786}, {'endOffset': 14541, 'label': 'relevance', 'startOffset': 14014}, {'endOffset': 14991, 'label': 'relevance', 'startOffset': 14548}, {'endOffset': 15317, 'label': 'quality', 'startOffset': 15031}, {'endOffset': 15350, 'label': 'quality', 'startOffset': 15331}]",False,False,False,False,False,False,False,False,False,False,False,False,False,False,False,False,False,False,False,False,False,False,True,False,False,False,False,False,True,False,True,False,False,False,False,False,False,False,False,False,False,False,False,False,False,False,False,False,False,False,False,False,False,False,False,False,False,False,False,False,False,False,False,False,False,False,False,False,False,False,False,False,False,False,False,False,False,False,False,False,False,False,False,False,False,False,False,False,False,False,False,False,False,False,False,False,False,False,False,False,False,False,False,False,False,False,False,False,False,False,False,False,False,False,False,False,False,False,False,False,False,False,False,False,False,False,,,
11,6,Low,True,,,4,,11,True,False,False,False,False,False,False,False,False,False,False,False,False,False,False,False,False,False,False,False,False,False,False,False,False,False,False,False,False,False,False,False,False,False,False,False,False,False,False,False,False,False,False,False,False,False,False,False,False,False,False,False,False,False,False,False,False,False,False,False,False,False,False,False,False,False,False,False,False,False,False,False,False,False,False,False,False,False,False,False,False,False,False,False,False,False,False,False,False,False,False,False,False,False,False,False,False,False,False,False,False,False,False,False,False,False,False,False,False,False,False,False,False,False,False,False,False,False,False,False,False,False,False,False,False,False,False,False,False,False,False,False,False,False,False,False,False,False,False,False,False,False,False,False,False,False,False,False,False,False,False,False,False,False,False,False,False,False,"[{'endOffset': 154, 'label': 'relevance', 'startOffset': 116}, {'endOffset': 694, 'label': 'relevance', 'startOffset': 346}, {'endOffset': 1130, 'label': 'quality', 'startOffset': 867}, {'endOffset': 2838, 'label': 'quality', 'startOffset': 2702}, {'endOffset': 4970, 'label': 'summary', 'startOffset': 3675}, {'endOffset': 5596, 'label': 'relevance', 'startOffset': 5264}, {'endOffset': 6687, 'label': 'relevance', 'startOffset': 5601}, {'endOffset': 7612, 'label': 'summary', 'startOffset': 7530}, {'endOffset': 8274, 'label': 'quality', 'startOffset': 8100}]",False,False,False,True,False,False,False,False,False,False,False,True,False,False,False,False,False,False,False,False,False,True,False,False,False,False,False,False,False,False,False,False,False,False,False,False,False,False,False,False,False,False,False,False,False,False,False,False,False,False,False,False,False,False,False,False,False,False,False,False,False,False,False,False,False,False,False,False,False,False,False,False,False,False,False,False,False,False,False,False,False,False,False,False,False,False,False,False,False,False,False,False,False,False,False,False,False,False,False,False,False,False,False,False,False,False,False,False,False,False,False,False,False,False,False,False,False,False,False,False,False,False,False,False,False,False,,,
12,8,Medium,True,,,5,,51,True,False,False,False,False,False,False,False,False,False,False,False,False,False,False,False,False,False,False,False,False,False,False,False,False,False,False,False,False,False,False,False,False,False,False,False,False,False,False,False,False,False,False,False,False,False,False,False,False,False,False,False,False,False,False,False,False,False,False,False,False,False,False,False,False,False,False,False,False,False,False,False,False,False,False,False,False,False,False,False,False,False,False,False,False,False,False,False,False,False,False,False,False,False,False,False,False,False,False,False,False,False,False,False,False,False,False,False,False,False,False,False,False,False,False,False,False,False,False,False,False,False,False,False,False,False,False,False,False,False,False,False,False,False,False,False,False,False,False,False,False,False,False,False,False,False,False,False,False,False,False,False,False,False,False,False,False,False,"[{'endOffset': 1105, 'label': 'relevance', 'startOffset': 941}, {'endOffset': 1284, 'label': 'relevance', 'startOffset': 1106}, {'endOffset': 8469, 'label': 'summary', 'startOffset': 8253}]",True,False,False,False,False,False,False,False,False,False,False,False,False,False,False,False,False,False,False,False,False,False,False,False,False,False,False,False,False,False,False,False,False,False,False,False,False,False,False,False,False,False,False,False,False,False,False,False,False,False,False,False,False,False,False,False,False,False,False,False,False,False,False,False,False,False,False,False,False,False,False,False,False,False,False,False,False,False,False,False,False,False,False,True,False,True,False,False,False,False,False,False,True,True,True,False,False,False,False,False,False,False,False,False,False,False,False,False,False,False,False,False,False,False,False,False,False,False,False,False,False,False,False,False,False,False,,,
13,9,Low,False,,,5,,22,False,False,False,False,False,False,False,False,False,False,False,False,False,False,False,False,False,False,False,False,False,False,False,False,False,False,False,False,False,False,False,False,False,False,False,False,False,False,False,False,False,False,False,False,False,False,False,False,False,False,False,False,False,False,False,False,False,False,False,False,False,False,False,False,False,False,False,False,False,False,False,False,False,False,False,False,False,False,False,False,False,False,False,False,False,False,False,False,False,False,False,False,False,False,False,False,False,False,False,False,False,False,False,False,False,False,False,False,False,False,False,False,False,False,False,False,False,False,False,False,False,False,False,False,False,False,False,False,False,False,False,False,False,False,False,False,False,False,False,False,False,False,False,False,False,False,False,False,False,False,False,False,False,False,False,False,False,False,"[{'endOffset': 981, 'label': 'quality', 'startOffset': 607}, {'endOffset': 2283, 'label': 'relevance', 'startOffset': 1900}, {'endOffset': 3025, 'label': 'quality', 'startOffset': 2308}]",False,False,False,False,False,False,False,False,False,False,False,False,False,False,False,False,False,False,False,False,False,False,False,False,False,False,False,False,False,False,False,False,False,False,False,False,False,False,False,False,False,False,False,False,False,False,False,False,False,False,False,False,False,False,False,False,False,False,True,False,False,False,False,False,False,False,False,False,False,False,False,False,False,False,False,False,False,False,False,False,False,False,False,False,False,False,False,True,False,False,False,False,False,False,False,False,False,False,False,False,False,False,False,False,False,False,False,False,False,False,False,False,False,False,False,False,False,False,False,False,False,False,False,False,False,False,,,
14,10,Low,True,,,5,,14,True,False,False,False,False,False,False,False,False,False,False,False,False,False,False,False,False,False,False,False,False,False,False,False,False,False,False,False,False,False,False,False,False,False,False,False,False,False,False,False,False,False,False,False,False,False,False,False,False,False,False,False,False,False,False,False,False,False,False,False,False,False,False,False,False,False,False,False,False,False,False,False,False,False,False,False,False,False,False,False,False,False,False,False,False,False,False,False,False,False,False,False,False,False,False,False,False,False,False,False,False,False,False,False,False,False,False,False,False,False,False,False,False,False,False,False,False,False,False,False,False,False,False,False,False,False,False,False,False,False,False,False,False,False,False,False,False,False,False,False,False,False,False,False,False,False,False,False,False,False,False,False,False,False,False,False,False,False,"[{'endOffset': 2890, 'label': 'relevance', 'startOffset': 2642}, {'endOffset': 3052, 'label': 'quality', 'startOffset': 2908}, {'endOffset': 4435, 'label': 'quality', 'startOffset': 4288}, {'endOffset': 5425, 'label': 'summary', 'startOffset': 5240}]",True,False,False,False,False,False,False,False,False,False,False,False,False,False,False,False,False,False,False,False,False,False,False,False,False,False,False,False,False,False,False,False,False,False,False,False,False,False,False,False,False,False,False,False,False,False,False,False,False,False,False,False,False,False,False,False,False,False,False,False,False,False,False,False,False,False,False,False,False,False,False,False,False,False,False,False,False,False,False,False,False,False,False,True,False,True,False,False,False,False,False,False,True,False,False,False,False,False,False,False,False,False,False,False,False,False,False,False,False,False,False,False,False,False,False,False,False,False,False,False,False,False,False,False,False,False,,,
15,8,Low,False,strobe,Cross-Sectional Study,5,6.0,28,True,False,False,False,False,False,False,False,False,False,False,False,False,False,False,False,False,False,False,False,False,False,False,False,False,False,False,False,False,False,False,False,False,False,False,False,False,False,False,False,False,False,False,False,False,False,False,False,False,False,False,False,False,False,False,False,False,False,False,False,False,False,False,False,False,False,False,False,False,False,False,False,False,False,False,False,False,False,False,False,False,False,False,False,False,False,False,False,False,False,False,False,False,False,False,False,False,False,False,False,False,False,False,False,False,False,False,False,False,False,False,False,False,False,False,False,False,False,False,False,False,False,False,False,False,False,False,False,False,False,False,False,False,False,False,False,False,False,False,False,False,False,False,False,False,False,False,False,False,False,False,False,False,False,False,False,False,False,"[{'endOffset': 1037, 'label': 'relevance', 'startOffset': 830}, {'endOffset': 1435, 'label': 'quality', 'startOffset': 1070}, {'endOffset': 2167, 'label': 'quality', 'startOffset': 1821}, {'endOffset': 2393, 'label': 'summary', 'startOffset': 2182}, {'endOffset': 6357, 'label': 'summary', 'startOffset': 6135}]",False,False,False,False,False,False,False,False,False,False,False,False,False,False,False,False,False,False,False,False,False,False,False,False,True,False,False,False,False,False,False,False,False,False,False,False,False,False,False,False,False,False,False,False,False,False,False,False,False,False,False,False,False,False,False,False,False,False,False,False,True,False,False,False,True,True,False,False,False,True,False,False,False,False,False,False,True,False,False,False,False,True,False,False,False,False,False,False,False,False,False,False,False,False,False,False,False,False,False,False,False,False,False,False,False,False,False,False,False,False,False,False,False,False,False,False,False,False,False,False,False,False,False,False,False,False,,,
8,11,Medium,True,strobe,Cross-Sectional Study,4,15.0,54,True,False,False,False,False,False,False,False,False,False,False,False,False,False,False,False,False,False,False,False,False,False,False,False,False,False,False,False,False,False,False,False,False,False,False,False,False,False,False,False,False,False,False,False,False,False,False,False,False,False,False,False,False,False,False,False,False,False,False,False,False,False,False,False,False,False,False,False,False,False,False,False,False,False,False,False,False,False,False,False,False,False,False,False,False,False,False,False,False,False,False,False,False,False,False,False,False,False,False,False,False,False,False,False,False,False,False,False,False,False,False,False,False,False,False,False,False,False,False,False,False,False,False,False,False,False,False,False,False,False,False,False,False,False,False,False,False,False,False,False,False,False,False,False,False,False,False,False,False,False,False,False,False,False,False,False,False,False,"[{'endOffset': 1399, 'label': 'relevance', 'startOffset': 1184}, {'endOffset': 1653, 'label': 'summary', 'startOffset': 1401}]",False,False,False,False,False,False,False,False,False,False,False,False,False,False,False,False,False,False,True,False,False,False,False,False,True,False,False,False,True,False,False,False,False,False,False,False,False,False,False,False,False,False,False,False,False,False,False,False,False,False,False,False,False,False,False,False,False,False,False,False,True,False,True,True,True,True,True,True,False,True,True,True,True,False,False,True,False,True,True,False,False,True,False,False,False,False,False,False,True,False,False,False,False,False,False,False,False,False,False,False,False,False,False,False,False,False,False,False,False,False,False,False,False,False,False,False,False,False,False,False,False,False,False,False,False,False,,,
9,12,Medium,,,,4,,58,True,False,False,False,False,False,False,False,False,False,False,False,False,False,False,False,False,False,False,False,False,False,False,False,False,False,False,False,False,False,False,False,False,False,False,False,False,False,False,False,False,False,False,False,False,False,False,False,False,False,False,False,False,False,False,False,False,False,False,False,False,False,False,False,False,False,False,False,False,False,False,False,False,False,False,False,False,False,False,False,False,False,False,False,False,False,False,False,False,False,False,False,False,False,False,False,False,False,False,False,False,False,False,False,False,False,False,False,False,False,False,False,False,False,False,False,False,False,False,False,False,False,False,False,False,False,False,False,False,False,False,False,False,False,False,False,False,False,False,False,False,False,False,False,False,False,False,False,False,False,False,False,False,False,False,False,False,False,"[{'endOffset': 391, 'label': 'relevance', 'startOffset': 261}, {'endOffset': 674, 'label': 'relevance', 'startOffset': 418}, {'endOffset': 1664, 'label': 'summary', 'startOffset': 1519}, {'endOffset': 3061, 'label': 'relevance', 'startOffset': 2924}, {'endOffset': 3646, 'label': 'quality', 'startOffset': 3362}, {'endOffset': 9655, 'label': 'summary', 'startOffset': 9510}, {'endOffset': 13355, 'label': 'relevance', 'startOffset': 13181}, {'endOffset': 13963, 'label': 'relevance', 'startOffset': 13820}, {'endOffset': 18617, 'label': 'relevance', 'startOffset': 18495}]",True,False,False,False,False,False,False,False,False,False,False,False,False,False,False,False,False,False,True,False,False,False,True,False,False,False,False,False,True,False,False,False,False,False,False,False,False,False,False,False,False,False,False,False,False,False,False,False,False,False,False,False,False,False,False,False,False,False,False,False,False,False,False,False,False,False,False,False,False,False,False,False,False,False,False,False,False,False,False,False,False,False,False,False,False,False,False,False,False,False,False,False,False,False,False,False,False,False,False,False,False,False,False,False,False,False,False,False,False,False,False,False,False,False,False,False,False,False,False,False,False,False,False,False,False,False,,,
1,13,Low,True,care,Case Report,2,17.0,36,True,False,False,False,False,False,False,False,False,False,False,False,False,False,False,False,False,False,False,False,False,False,False,False,False,False,False,False,False,False,False,False,False,False,False,False,False,False,False,False,False,False,False,False,False,False,False,False,False,False,False,False,False,False,False,False,False,False,False,False,False,False,False,False,False,False,False,False,False,False,False,False,False,False,False,False,False,False,False,False,False,False,False,False,False,False,False,False,False,False,True,True,True,True,True,True,False,True,False,False,False,False,True,False,True,True,True,False,False,True,True,False,True,True,False,False,True,True,False,False,True,False,False,False,False,False,False,False,False,False,False,False,False,False,False,False,False,False,False,False,False,False,False,False,False,False,False,False,False,False,False,False,False,False,False,False,False,False,"[{'endOffset': 1286, 'label': 'summary', 'startOffset': 1096}, {'endOffset': 5846, 'label': 'relevance', 'startOffset': 5695}, {'endOffset': 6668, 'label': 'relevance', 'startOffset': 6585}, {'endOffset': 8419, 'label': 'relevance', 'startOffset': 8185}, {'endOffset': 8786, 'label': 'relevance', 'startOffset': 8691}, {'endOffset': 8913, 'label': 'relevance', 'startOffset': 8819}]",False,False,False,False,False,False,False,False,False,False,False,False,False,False,False,False,True,False,False,False,False,False,False,False,False,False,False,False,False,False,False,False,False,False,False,False,False,False,False,False,False,False,False,False,False,False,False,False,False,False,False,False,False,False,False,False,False,False,False,False,False,False,False,False,False,False,False,False,False,False,False,False,False,False,False,False,False,False,False,False,False,False,False,False,False,False,False,False,False,False,False,False,False,False,False,False,False,False,False,False,False,False,False,False,False,False,False,False,False,False,False,False,False,False,False,False,False,False,False,False,False,False,False,False,False,False,,,
3,14,Low,False,strobe,Cohort Study,2,14.0,79,True,False,False,False,False,False,False,False,False,False,False,False,False,False,False,False,False,False,False,False,False,False,False,False,False,False,False,False,False,False,False,False,False,False,False,False,False,False,False,False,False,False,False,False,False,False,False,False,False,False,False,False,False,False,False,False,False,False,False,False,False,False,False,False,False,False,False,False,False,False,False,False,False,False,False,False,False,False,False,False,False,False,False,False,False,False,False,False,False,False,False,False,False,False,False,False,False,False,False,False,False,False,False,False,False,False,False,False,False,False,False,False,False,False,False,False,False,False,False,False,False,False,False,False,False,False,False,False,False,False,False,False,False,False,False,False,False,False,False,False,False,False,False,False,False,False,False,False,False,False,False,False,False,False,False,False,False,False,"[{'endOffset': 325, 'label': 'relevance', 'startOffset': 296}, {'endOffset': 3025, 'label': 'relevance', 'startOffset': 2938}, {'endOffset': 8793, 'label': 'relevance', 'startOffset': 8683}]",False,False,False,False,False,False,False,False,False,False,False,True,False,False,False,False,False,False,True,False,False,False,False,False,False,False,False,False,False,False,False,False,False,False,False,False,False,False,False,False,False,False,False,False,False,False,False,False,False,False,False,False,False,False,False,False,False,False,False,False,False,False,False,True,True,True,False,True,True,True,True,True,False,False,False,False,True,True,True,True,True,True,False,False,False,False,False,False,False,False,False,False,False,False,False,False,False,False,False,False,False,False,False,False,False,False,False,False,False,False,False,False,False,False,False,False,False,False,False,False,False,False,False,False,False,False,,,
2,15,High,True,strobe,Cohort Study,2,19.0,85,True,False,False,False,False,False,False,False,False,False,False,False,False,False,False,False,False,False,False,False,False,False,False,False,False,False,False,False,False,False,False,False,False,False,False,False,False,False,False,False,False,False,False,False,False,False,False,False,False,False,False,False,False,False,False,False,False,False,False,False,False,False,False,False,False,False,False,False,False,False,False,False,False,False,False,False,False,False,False,False,False,False,False,False,False,False,False,False,False,False,False,False,False,False,False,False,False,False,False,False,False,False,False,False,False,False,False,False,False,False,False,False,False,False,False,False,False,False,False,False,False,False,False,False,False,False,False,False,False,False,False,False,False,False,False,False,False,False,False,False,False,False,False,False,False,False,False,False,False,False,False,False,False,False,False,False,False,False,"[{'endOffset': 10, 'label': 'relevance', 'startOffset': 9}, {'endOffset': 929, 'label': 'relevance', 'startOffset': 735}, {'endOffset': 1019, 'label': 'relevance', 'startOffset': 943}, {'endOffset': 1463, 'label': 'quality', 'startOffset': 1207}, {'endOffset': 1845, 'label': 'relevance', 'startOffset': 1714}, {'endOffset': 2879, 'label': 'quality', 'startOffset': 2520}, {'endOffset': 3675, 'label': 'quality', 'startOffset': 3091}, {'endOffset': 4325, 'label': 'relevance', 'startOffset': 3945}, {'endOffset': 4590, 'label': 'quality', 'startOffset': 4411}, {'endOffset': 4778, 'label': 'quality', 'startOffset': 4594}, {'endOffset': 5769, 'label': 'relevance', 'startOffset': 5239}, {'endOffset': 7031, 'label': 'relevance', 'startOffset': 6276}, {'endOffset': 7266, 'label': 'quality', 'startOffset': 7032}, {'endOffset': 7709, 'label': 'quality', 'startOffset': 7371}, {'endOffset': 7779, 'label': 'quality', 'startOffset': 7709}, {'endOffset': 8643, 'label': 'quality', 'startOffset': 8209}, {'endOffset': 10133, 'label': 'relevance', 'startOffset': 9972}, {'endOffset': 10730, 'label': 'relevance', 'startOffset': 10134}, {'endOffset': 13186, 'label': 'quality', 'startOffset': 12908}, {'endOffset': 13487, 'label': 'quality', 'startOffset': 13276}, {'endOffset': 13671, 'label': 'quality', 'startOffset': 13489}, {'endOffset': 15601, 'label': 'summary', 'startOffset': 15415}, {'endOffset': 15992, 'label': 'relevance', 'startOffset': 15603}, {'endOffset': 17824, 'label': 'summary', 'startOffset': 17552}]",False,False,False,False,False,False,True,False,False,False,False,True,False,False,False,False,False,False,True,False,False,False,True,False,False,False,False,False,True,False,False,False,False,False,False,False,False,False,False,False,False,False,False,False,False,False,False,False,False,False,False,False,False,False,False,False,False,False,False,False,True,True,True,True,True,True,False,True,True,True,True,True,True,True,False,True,True,True,True,True,True,False,False,False,False,False,False,False,False,False,False,False,False,False,False,False,False,False,False,False,False,False,False,False,False,False,False,False,False,False,False,False,False,False,False,False,False,False,False,False,False,False,False,False,False,False,,,
0,7,Low,False,tripod,Diagnostic Study,2,14.0,34,True,False,False,False,False,False,False,False,False,False,False,False,False,False,False,False,False,False,False,False,False,False,False,False,False,False,False,False,False,False,False,False,False,False,False,False,False,False,False,False,False,False,False,False,False,False,False,False,False,False,False,False,False,False,False,False,False,False,False,False,False,False,False,False,False,False,False,False,False,False,False,False,False,False,False,False,False,False,False,False,False,False,False,False,False,False,False,False,False,False,False,False,False,False,False,False,False,False,False,False,False,False,False,False,False,False,False,False,False,False,False,False,False,False,False,False,False,False,False,False,False,False,False,False,False,False,False,False,False,False,False,False,False,False,False,False,False,False,False,False,False,False,False,False,False,False,False,False,False,False,False,False,False,False,False,False,False,False,"[{'endOffset': 478, 'label': 'relevance', 'startOffset': 165}, {'endOffset': 768, 'label': 'quality', 'startOffset': 478}, {'endOffset': 4997, 'label': 'relevance', 'startOffset': 4540}, {'endOffset': 5793, 'label': 'quality', 'startOffset': 5580}, {'endOffset': 6266, 'label': 'quality', 'startOffset': 5801}, {'endOffset': 10069, 'label': 'quality', 'startOffset': 9739}, {'endOffset': 11107, 'label': 'quality', 'startOffset': 10771}, {'endOffset': 15232, 'label': 'summary', 'startOffset': 14582}, {'endOffset': 18292, 'label': 'relevance', 'startOffset': 18102}, {'endOffset': 18425, 'label': 'quality', 'startOffset': 18302}, {'endOffset': 19436, 'label': 'relevance', 'startOffset': 19256}, {'endOffset': 20039, 'label': 'relevance', 'startOffset': 19681}, {'endOffset': 20566, 'label': 'relevance', 'startOffset': 20041}]",False,False,False,False,False,False,False,False,False,False,False,False,False,False,False,False,False,False,False,False,False,False,True,False,False,False,False,False,True,False,False,False,False,False,False,False,False,False,False,False,False,False,False,False,False,False,False,False,False,False,False,False,False,False,False,False,False,False,False,False,False,False,False,False,False,False,False,False,False,False,False,False,False,False,False,False,False,False,False,False,False,False,False,False,False,False,False,False,False,False,False,False,False,False,False,True,True,True,True,True,True,True,True,False,True,False,False,False,False,True,False,True,False,False,False,False,False,False,False,True,False,False,False,False,True,True,,,
6,16,Low,False,,,1,,21,True,False,False,False,False,False,False,False,False,False,False,False,False,False,False,False,False,False,False,False,False,False,False,False,False,False,False,False,False,False,False,False,False,False,False,False,False,False,False,False,False,False,False,False,False,False,False,False,False,False,False,False,False,False,False,False,False,False,False,False,False,False,False,False,False,False,False,False,False,False,False,False,False,False,False,False,False,False,False,False,False,False,False,False,False,False,False,False,False,False,False,False,False,False,False,False,False,False,False,False,False,False,False,False,False,False,False,False,False,False,False,False,False,False,False,False,False,False,False,False,False,False,False,False,False,False,False,False,False,False,False,False,False,False,False,False,False,False,False,False,False,False,False,False,False,False,False,False,False,False,False,False,False,False,False,False,False,False,"[{'endOffset': 286, 'label': 'relevance', 'startOffset': 167}, {'endOffset': 2431, 'label': 'summary', 'startOffset': 2168}, {'endOffset': 3148, 'label': 'summary', 'startOffset': 2658}]",True,False,False,False,False,False,False,False,False,False,False,False,False,False,False,False,False,False,False,False,False,False,False,False,False,False,False,False,False,False,False,False,False,False,False,False,False,False,False,False,False,False,False,False,False,False,False,False,False,False,False,False,False,False,False,False,False,False,False,False,False,False,False,False,False,False,False,False,False,False,False,False,False,False,False,False,False,False,False,False,False,False,False,False,False,False,False,False,False,False,False,False,False,False,False,False,False,False,False,False,False,False,False,False,False,False,False,False,False,False,False,False,False,False,False,False,False,False,False,False,False,False,False,False,False,False,,,
7,16,Medium,False,care,Case Report,1,25.0,88,True,False,False,False,False,False,False,False,False,False,False,False,False,False,False,False,False,False,False,False,False,False,False,False,False,False,False,False,False,False,False,False,False,False,False,False,False,False,False,False,False,False,False,False,False,False,False,False,False,False,False,False,False,False,False,False,False,False,False,False,False,False,False,False,False,False,False,False,False,False,False,False,False,False,False,False,False,False,False,False,False,False,False,False,False,False,False,False,False,False,False,True,True,True,True,True,False,True,True,True,True,True,True,True,True,True,True,False,True,True,True,False,True,True,True,True,False,True,True,True,False,False,False,False,False,False,False,False,False,False,False,False,False,False,False,False,False,False,False,False,False,False,False,False,False,False,False,False,False,False,False,False,False,False,False,False,False,False,"[{'endOffset': 163, 'label': 'summary', 'startOffset': 101}, {'endOffset': 496, 'label': 'quality', 'startOffset': 426}, {'endOffset': 718, 'label': 'quality', 'startOffset': 497}, {'endOffset': 1244, 'label': 'summary', 'startOffset': 728}, {'endOffset': 1454, 'label': 'summary', 'startOffset': 1254}, {'endOffset': 4538, 'label': 'quality', 'startOffset': 3982}, {'endOffset': 5738, 'label': 'relevance', 'startOffset': 5665}, {'endOffset': 7089, 'label': 'summary', 'startOffset': 7041}, {'endOffset': 7995, 'label': 'summary', 'startOffset': 7931}, {'endOffset': 8634, 'label': 'summary', 'startOffset': 8556}, {'endOffset': 8709, 'label': 'quality', 'startOffset': 8635}, {'endOffset': 8985, 'label': 'quality', 'startOffset': 8869}, {'endOffset': 9825, 'label': 'summary', 'startOffset': 9425}]",False,False,False,False,False,False,False,False,False,False,False,False,False,False,False,False,False,False,False,False,False,False,True,False,False,False,False,False,False,False,False,False,False,False,False,False,False,False,False,False,False,False,False,False,False,False,False,False,False,False,False,False,False,False,False,False,False,False,False,False,False,False,False,False,False,False,False,False,False,False,False,False,False,False,False,False,False,False,False,False,False,False,False,False,False,False,False,True,False,False,False,False,False,False,False,False,False,False,False,False,False,False,False,False,False,False,False,False,False,False,False,False,False,False,False,False,False,False,False,False,False,False,False,False,False,False,Difficult to tell if relevant information is given regarding time from symptom onset to positive test since the tables are missing.,,
5,16,Low,False,,,1,,38,True,False,False,False,False,False,False,False,False,False,False,False,False,False,False,False,False,False,False,False,False,False,False,False,False,False,False,False,False,False,False,False,False,False,False,False,False,False,False,False,False,False,False,False,False,False,False,False,False,False,False,False,False,False,False,False,False,False,False,False,False,False,False,False,False,False,False,False,False,False,False,False,False,False,False,False,False,False,False,False,False,False,False,False,False,False,False,False,False,False,False,False,False,False,False,False,False,False,False,False,False,False,False,False,False,False,False,False,False,False,False,False,False,False,False,False,False,False,False,False,False,False,False,False,False,False,False,False,False,False,False,False,False,False,False,False,False,False,False,False,False,False,False,False,False,False,False,False,False,False,False,False,False,False,False,False,False,False,"[{'endOffset': 1007, 'label': 'summary', 'startOffset': 286}, {'endOffset': 3790, 'label': 'quality', 'startOffset': 3352}, {'endOffset': 4367, 'label': 'quality', 'startOffset': 3792}, {'endOffset': 5953, 'label': 'quality', 'startOffset': 5417}, {'endOffset': 8453, 'label': 'quality', 'startOffset': 7206}, {'endOffset': 8604, 'label': 'quality', 'startOffset': 8455}, {'endOffset': 10083, 'label': 'quality', 'startOffset': 8994}, {'endOffset': 10607, 'label': 'summary', 'startOffset': 10215}, {'endOffset': 12058, 'label': 'summary', 'startOffset': 11733}]",False,False,False,False,False,False,False,False,False,False,False,False,False,False,False,False,False,False,False,False,False,True,True,False,False,False,False,False,True,False,False,False,False,False,False,False,False,False,False,False,False,False,False,False,False,False,False,False,False,False,False,False,False,False,False,False,False,False,False,False,False,False,False,False,False,False,False,False,False,False,False,False,False,False,False,False,False,False,False,False,False,False,False,False,False,False,False,False,False,False,False,False,False,False,False,False,False,False,False,False,False,False,False,False,False,False,False,False,False,False,False,False,False,False,False,False,False,False,False,False,False,False,False,False,False,False,,,
4,17,Low,False,,,1,,74,False,False,False,False,False,False,False,False,False,False,False,False,False,False,False,False,False,False,False,False,False,False,False,False,False,False,False,False,False,False,False,False,False,False,False,False,False,False,False,False,False,False,False,False,False,False,False,False,False,False,False,False,False,False,False,False,False,False,False,False,False,False,False,False,False,False,False,False,False,False,False,False,False,False,False,False,False,False,False,False,False,False,False,False,False,False,False,False,False,False,False,False,False,False,False,False,False,False,False,False,False,False,False,False,False,False,False,False,False,False,False,False,False,False,False,False,False,False,False,False,False,False,False,False,False,False,False,False,False,False,False,False,False,False,False,False,False,False,False,False,False,False,False,False,False,False,False,False,False,False,False,False,False,False,False,False,False,False,"[{'endOffset': 690, 'label': 'quality', 'startOffset': 563}, {'endOffset': 811, 'label': 'quality', 'startOffset': 691}, {'endOffset': 9232, 'label': 'relevance', 'startOffset': 8933}, {'endOffset': 10379, 'label': 'summary', 'startOffset': 9831}]",False,False,True,False,False,False,False,False,False,False,False,False,False,False,False,False,False,False,True,False,False,False,False,False,True,False,False,False,True,False,False,False,False,False,False,False,False,False,False,False,False,False,False,False,False,False,False,False,False,False,False,False,False,False,False,False,False,False,False,False,False,False,False,False,False,False,False,False,False,False,False,False,False,False,False,False,False,False,False,False,False,False,False,False,False,False,False,False,False,False,False,False,False,False,False,False,False,False,False,False,False,False,False,False,False,False,False,False,False,False,False,False,False,False,False,False,False,False,False,False,False,False,False,False,False,False,,,
14,18,Medium,True,,,5,,14,True,False,False,False,False,False,False,False,False,False,False,False,False,False,False,False,False,False,False,False,False,False,False,False,False,False,False,False,False,False,False,False,False,False,False,False,False,False,False,False,False,False,False,False,False,False,False,False,False,False,False,False,False,False,False,False,False,False,False,False,False,False,False,False,False,False,False,False,False,False,False,False,False,False,False,False,False,False,False,False,False,False,False,False,False,False,False,False,False,False,False,False,False,False,False,False,False,False,False,False,False,False,False,False,False,False,False,False,False,False,False,False,False,False,False,False,False,False,False,False,False,False,False,False,False,False,False,False,False,False,False,False,False,False,False,False,False,False,False,False,False,False,False,False,False,False,False,False,False,False,False,False,False,False,False,False,False,False,"[{'endOffset': 70, 'label': 'summary', 'startOffset': 25}, {'endOffset': 963, 'label': 'relevance', 'startOffset': 812}, {'endOffset': 1089, 'label': 'relevance', 'startOffset': 970}, {'endOffset': 1594, 'label': 'relevance', 'startOffset': 1301}, {'endOffset': 3052, 'label': 'summary', 'startOffset': 2892}, {'endOffset': 3526, 'label': 'summary', 'startOffset': 3426}, {'endOffset': 3788, 'label': 'quality', 'startOffset': 3715}, {'endOffset': 5426, 'label': 'summary', 'startOffset': 5240}]",True,False,False,False,False,False,False,False,False,False,False,False,False,False,False,False,False,False,False,False,False,False,False,False,False,False,False,False,False,False,False,False,False,False,False,False,False,False,False,False,False,False,False,False,False,False,False,False,False,False,False,False,False,False,False,False,False,False,False,False,False,False,False,False,False,False,False,False,False,False,False,False,False,False,False,False,False,False,False,False,False,False,False,True,False,True,False,False,False,False,False,False,True,False,False,False,False,False,False,False,False,False,False,False,False,False,False,False,False,False,False,False,False,False,False,False,False,False,False,False,False,False,False,False,False,False,,,
15,19,Medium,True,,,5,,28,False,False,False,False,False,False,False,False,False,False,False,False,False,False,False,False,False,False,False,False,False,False,False,False,False,False,False,False,False,False,False,False,False,False,False,False,False,False,False,False,False,False,False,False,False,False,False,False,False,False,False,False,False,False,False,False,False,False,False,False,False,False,False,False,False,False,False,False,False,False,False,False,False,False,False,False,False,False,False,False,False,False,False,False,False,False,False,False,False,False,True,False,False,False,False,False,False,False,False,False,False,False,False,False,False,False,False,False,False,False,False,False,False,False,False,False,False,False,False,False,False,False,False,False,False,False,False,False,False,False,False,False,False,False,False,False,False,False,False,False,False,False,False,False,False,False,False,False,False,False,False,False,False,False,False,False,False,False,"[{'endOffset': 1821, 'label': 'quality', 'startOffset': 1436}, {'endOffset': 2792, 'label': 'summary', 'startOffset': 2180}]",False,False,True,False,False,False,True,False,True,False,False,False,False,False,False,False,False,False,True,False,False,False,True,False,False,False,False,False,True,False,False,False,False,False,False,False,False,False,False,False,False,False,False,False,False,False,False,False,False,False,False,False,False,False,False,False,False,False,False,False,False,False,False,False,False,False,False,False,False,False,False,False,False,False,False,False,False,False,False,False,False,False,False,True,False,False,False,False,False,False,False,False,True,False,False,False,False,False,False,False,False,False,False,False,False,False,False,False,False,False,False,False,False,False,False,False,False,False,False,False,False,False,False,False,False,False,,,
12,18,Medium,True,,,5,,51,True,False,False,False,False,False,False,False,False,False,False,False,False,False,False,False,False,False,False,False,False,False,False,False,False,False,False,False,False,False,False,False,False,False,False,False,False,False,False,False,False,False,False,False,False,False,False,False,False,False,False,False,False,False,False,False,False,False,False,False,False,False,False,False,False,False,False,False,False,False,False,False,False,False,False,False,False,False,False,False,False,False,False,False,False,False,False,False,False,False,False,False,False,False,False,False,False,False,False,False,False,False,False,False,False,False,False,False,False,False,False,False,False,False,False,False,False,False,False,False,False,False,False,False,False,False,False,False,False,False,False,False,False,False,False,False,False,False,False,False,False,False,False,False,False,False,False,False,False,False,False,False,False,False,False,False,False,False,"[{'endOffset': 1612, 'label': 'summary', 'startOffset': 1544}, {'endOffset': 3166, 'label': 'quality', 'startOffset': 3048}, {'endOffset': 5351, 'label': 'relevance', 'startOffset': 5256}, {'endOffset': 6298, 'label': 'relevance', 'startOffset': 6092}, {'endOffset': 7622, 'label': 'summary', 'startOffset': 7414}, {'endOffset': 7748, 'label': 'summary', 'startOffset': 7624}]",False,False,False,False,False,False,False,False,False,False,False,False,False,False,False,False,False,False,False,False,False,True,False,False,False,False,False,False,False,False,False,False,False,False,False,False,False,False,False,False,False,False,False,False,False,False,False,False,False,False,False,False,False,False,False,False,False,False,False,False,False,False,False,False,False,False,False,False,False,False,False,False,False,False,False,False,False,False,False,False,False,False,False,True,False,True,False,False,False,False,False,False,True,False,False,False,False,False,False,False,False,False,False,False,False,False,False,False,False,False,False,False,False,False,False,False,False,False,False,False,False,False,False,False,False,False,,,
13,19,Low,False,,,5,,22,False,False,False,False,False,False,False,False,False,False,False,False,False,False,False,False,False,False,False,False,False,False,False,False,False,False,False,False,False,False,False,False,False,False,False,False,False,False,False,False,False,False,False,False,False,False,False,False,False,False,False,False,False,False,False,False,False,False,False,False,False,False,False,False,False,False,False,False,False,False,False,False,False,False,False,False,False,False,False,False,False,False,False,False,False,False,False,False,False,False,False,False,False,False,False,False,False,False,False,False,False,False,False,False,False,False,False,False,False,False,False,False,False,False,False,False,False,False,False,False,False,False,False,False,False,False,False,False,False,False,False,False,False,False,False,False,False,False,False,False,False,False,False,False,False,False,False,False,False,False,False,False,False,False,False,False,False,False,"[{'endOffset': 3784, 'label': 'quality', 'startOffset': 3624}]",False,False,False,True,False,False,False,False,False,False,False,False,False,False,False,False,False,False,False,False,False,False,False,False,False,False,False,False,False,False,False,False,False,False,False,False,False,False,False,False,False,False,False,False,False,False,False,False,False,False,False,False,False,False,False,False,False,False,True,False,False,False,False,False,False,False,False,False,False,False,False,False,False,False,False,False,False,False,False,False,False,False,False,False,False,False,False,True,False,False,False,False,False,False,False,False,False,False,False,False,False,False,False,False,False,False,False,False,False,False,False,False,False,False,False,False,False,False,False,False,False,False,False,False,False,False,,,
16,20,Low,False,,,3,,16,False,False,False,False,False,False,False,False,False,False,False,False,False,False,False,False,False,False,False,False,False,False,False,False,False,False,False,False,False,False,False,False,False,False,False,False,False,False,False,False,False,False,False,False,False,False,False,False,False,False,False,False,False,False,False,False,False,False,False,False,False,False,False,False,False,False,False,False,False,False,False,False,False,False,False,False,False,False,False,False,False,False,False,False,False,False,False,False,False,False,False,False,False,False,False,False,False,False,False,False,False,False,False,False,False,False,False,False,False,False,False,False,False,False,False,False,False,False,False,False,False,False,False,False,False,False,False,False,False,False,False,False,False,False,False,False,False,False,False,False,False,False,False,False,False,False,False,False,False,False,False,False,False,False,False,False,False,False,"[{'endOffset': 1621, 'label': 'relevance', 'startOffset': 1052}, {'endOffset': 1651, 'label': 'relevance', 'startOffset': 1626}]",False,False,True,False,False,False,False,False,False,False,False,False,False,False,False,False,False,False,False,False,False,False,False,False,False,False,False,False,True,False,False,False,False,False,False,False,False,False,False,False,False,False,False,False,False,False,False,False,False,False,False,False,False,False,False,False,False,False,False,False,False,False,False,False,False,False,False,False,False,False,False,False,False,False,False,False,False,False,False,False,False,False,False,False,False,False,False,False,False,False,False,False,False,False,False,False,False,False,False,False,False,False,False,False,False,False,False,False,False,False,False,False,False,False,False,False,False,False,False,False,False,False,False,False,False,False,,,
17,20,Medium,True,,,3,,4,True,False,False,False,False,False,False,False,False,False,False,False,False,False,False,False,False,False,False,False,False,False,False,False,False,False,False,False,False,False,False,False,False,False,False,False,False,False,False,False,False,False,False,False,False,False,False,False,False,False,False,False,False,False,False,False,False,False,False,False,False,False,False,False,False,False,False,False,False,False,False,False,False,False,False,False,False,False,False,False,False,False,False,False,False,False,False,False,False,False,False,False,False,False,False,False,False,False,False,False,False,False,False,False,False,False,False,False,False,False,False,False,False,False,False,False,False,False,False,False,False,False,False,False,False,False,False,False,False,False,False,False,False,False,False,False,False,False,False,False,False,False,False,False,False,False,False,False,False,False,False,False,False,False,False,False,False,False,"[{'endOffset': 1021, 'label': 'relevance', 'startOffset': 899}, {'endOffset': 1322, 'label': 'quality', 'startOffset': 1271}, {'endOffset': 4165, 'label': 'relevance', 'startOffset': 3986}]",True,False,False,False,False,False,False,False,False,False,False,False,False,False,False,False,False,False,False,False,False,False,True,False,False,False,False,False,True,False,False,False,False,False,False,False,False,False,False,False,False,False,False,False,False,False,False,False,False,False,False,False,False,False,False,False,False,False,False,False,False,False,False,False,False,False,False,False,False,False,False,False,False,False,False,False,False,False,False,False,False,False,False,False,False,False,False,False,False,False,False,False,False,False,False,False,False,False,False,False,False,False,False,False,False,False,False,False,False,False,False,False,False,False,False,False,False,False,False,False,False,False,False,False,False,False,,,
18,19,High,True,,,3,,44,True,False,False,False,False,False,False,False,False,False,False,False,False,False,False,False,False,False,False,False,False,False,False,False,False,False,False,False,False,False,False,False,False,False,False,False,False,False,False,False,False,False,False,False,False,False,False,False,False,False,False,False,False,False,False,False,False,False,False,False,False,False,False,False,False,False,False,False,False,False,False,False,False,False,False,False,False,False,False,False,False,False,False,False,False,False,False,False,False,False,False,False,False,False,False,False,False,False,False,False,False,False,False,False,False,False,False,False,False,False,False,False,False,False,False,False,False,False,False,False,False,False,False,False,False,False,False,False,False,False,False,False,False,False,False,False,False,False,False,False,False,False,False,False,False,False,False,False,False,False,False,False,False,False,False,False,False,False,"[{'endOffset': 3228, 'label': 'summary', 'startOffset': 2802}, {'endOffset': 12694, 'label': 'quality', 'startOffset': 12142}, {'endOffset': 21405, 'label': 'quality', 'startOffset': 21085}]",False,False,False,False,False,False,False,False,False,False,False,False,False,False,False,False,False,False,False,False,False,True,True,False,False,False,False,False,True,False,False,False,False,False,False,False,False,False,False,False,False,False,False,False,False,False,False,False,False,False,False,False,False,False,False,False,False,False,False,False,False,False,False,False,False,False,False,False,False,False,False,False,False,False,False,False,False,False,False,False,False,False,False,False,False,False,False,False,False,False,False,False,False,False,False,False,False,False,False,False,False,False,False,False,False,False,False,False,False,False,False,False,False,False,False,False,False,False,False,False,False,False,False,False,False,False,,,
19,21,Medium,False,,,3,,69,False,False,False,False,False,False,False,False,False,False,False,False,False,False,False,False,False,False,False,False,False,False,False,False,False,False,False,False,False,False,False,False,False,False,False,False,False,False,False,False,False,False,False,False,False,False,False,False,False,False,False,False,False,False,False,False,False,False,False,False,False,False,False,False,False,False,False,False,False,False,False,False,False,False,False,False,False,False,False,False,False,False,False,False,False,False,False,False,False,True,False,False,False,False,False,False,False,False,False,False,False,False,False,False,False,False,False,False,False,False,False,False,False,False,False,False,False,False,False,False,False,False,False,False,False,False,False,False,False,False,False,False,False,False,False,False,False,False,False,False,False,False,False,False,False,False,False,False,False,False,False,False,False,False,False,False,False,False,"[{'endOffset': 875, 'label': 'relevance', 'startOffset': 702}, {'endOffset': 3184, 'label': 'summary', 'startOffset': 3068}, {'endOffset': 3825, 'label': 'summary', 'startOffset': 3773}, {'endOffset': 5481, 'label': 'summary', 'startOffset': 5254}, {'endOffset': 6415, 'label': 'summary', 'startOffset': 6112}, {'endOffset': 7082, 'label': 'summary', 'startOffset': 6927}, {'endOffset': 7227, 'label': 'summary', 'startOffset': 7084}, {'endOffset': 8983, 'label': 'summary', 'startOffset': 8540}, {'endOffset': 13605, 'label': 'summary', 'startOffset': 13435}, {'endOffset': 15814, 'label': 'summary', 'startOffset': 15668}, {'endOffset': 17867, 'label': 'summary', 'startOffset': 17639}, {'endOffset': 19563, 'label': 'summary', 'startOffset': 19308}, {'endOffset': 20777, 'label': 'summary', 'startOffset': 20640}, {'endOffset': 22923, 'label': 'summary', 'startOffset': 22603}, {'endOffset': 23046, 'label': 'summary', 'startOffset': 22925}, {'endOffset': 24084, 'label': 'summary', 'startOffset': 23818}, {'endOffset': 25630, 'label': 'summary', 'startOffset': 25459}]",False,False,False,False,False,False,False,False,False,False,False,False,False,False,False,False,False,False,False,False,False,False,False,False,True,False,False,False,True,False,False,False,False,False,False,False,False,False,False,False,False,False,False,False,False,False,False,False,False,False,False,False,False,False,False,False,False,False,False,False,False,False,False,False,False,False,False,False,False,False,False,False,False,False,False,False,False,False,False,False,False,False,False,False,False,False,False,False,False,False,False,False,False,False,False,False,False,False,False,False,False,False,False,False,False,False,False,False,False,False,False,False,False,False,False,False,False,False,False,False,False,False,False,False,False,False,Formatting error,,
10,19,Low,False,,,4,,13,False,False,False,False,False,False,False,False,False,False,False,False,False,False,False,False,False,False,False,False,False,False,False,False,False,False,False,False,False,False,False,False,False,False,False,False,False,False,False,False,False,False,False,False,False,False,False,False,False,False,False,False,False,False,False,False,False,False,False,False,False,False,False,False,False,False,False,False,False,False,False,False,False,False,False,False,False,False,False,False,False,False,False,False,False,False,False,False,False,False,False,False,False,False,False,False,False,False,False,False,False,False,False,False,False,False,False,False,False,False,False,False,False,False,False,False,False,False,False,False,False,False,False,False,False,False,False,False,False,False,False,False,False,False,False,False,False,False,False,False,False,False,False,False,False,False,False,False,False,False,False,False,False,False,False,False,False,False,"[{'endOffset': 15323, 'label': 'quality', 'startOffset': 14993}]",False,False,True,False,False,False,False,False,False,False,False,False,False,False,False,False,False,False,False,False,False,False,True,False,True,False,False,False,False,False,False,False,False,False,False,False,False,False,False,False,False,False,False,False,False,False,False,False,False,False,False,False,False,False,False,False,False,False,False,False,False,False,False,False,False,False,False,False,False,False,False,False,False,False,False,False,False,False,False,False,False,False,False,False,False,False,False,False,False,False,False,False,False,False,False,False,False,False,False,False,False,False,False,False,False,False,False,False,False,False,False,False,False,False,False,False,False,False,False,False,False,False,False,False,False,False,,,
11,19,Medium,True,,,4,,11,False,False,False,False,False,False,False,False,False,False,False,False,False,False,False,False,False,False,False,False,False,False,False,False,False,False,False,False,False,False,False,False,False,False,False,False,False,False,False,False,False,False,False,False,False,False,False,False,False,False,False,False,False,False,False,False,False,False,False,False,False,False,False,False,False,False,False,False,False,False,False,False,False,False,False,False,False,False,False,False,False,False,False,False,False,False,False,False,False,False,False,False,False,False,False,False,False,False,False,False,False,False,False,False,False,False,False,False,False,False,False,False,False,False,False,False,False,False,False,False,False,False,False,False,False,False,False,False,False,False,False,False,False,False,False,False,False,False,False,False,False,False,False,False,False,False,False,False,False,False,False,False,False,False,False,False,False,False,"[{'endOffset': 2490, 'label': 'quality', 'startOffset': 2264}, {'endOffset': 4901, 'label': 'quality', 'startOffset': 4599}, {'endOffset': 4970, 'label': 'quality', 'startOffset': 4901}, {'endOffset': 8946, 'label': 'quality', 'startOffset': 8717}, {'endOffset': 10826, 'label': 'quality', 'startOffset': 10704}, {'endOffset': 11737, 'label': 'quality', 'startOffset': 11413}]",False,False,True,False,False,False,False,False,False,False,False,True,False,False,False,False,False,False,True,False,False,False,False,False,False,False,False,False,False,False,False,False,False,False,False,False,False,False,False,False,False,False,False,False,False,False,False,False,False,False,False,False,False,False,False,False,False,False,False,False,False,False,False,False,False,False,False,False,False,False,False,False,False,False,False,False,False,False,False,False,False,False,False,False,True,False,False,False,False,False,False,False,False,False,False,False,False,False,False,False,False,False,False,False,False,False,False,False,False,False,False,False,False,False,False,False,False,False,False,False,False,False,False,False,False,False,,,
9,22,Low,True,,,4,,58,False,False,False,False,False,False,False,False,False,False,False,False,False,False,False,False,False,False,False,False,False,False,False,False,False,False,False,False,False,False,False,False,False,False,False,False,False,False,False,False,False,False,False,False,False,False,False,False,False,False,False,False,False,False,False,False,False,False,False,False,False,False,False,False,False,False,False,False,False,False,False,False,False,False,False,False,False,False,False,False,False,False,False,False,False,False,False,False,False,False,False,False,False,False,False,False,False,False,False,False,False,False,False,False,False,False,False,False,False,False,False,False,False,False,False,False,False,False,False,False,False,False,False,False,False,False,False,False,False,False,False,False,False,False,False,False,False,False,False,False,False,False,False,False,False,False,False,False,False,False,False,False,False,False,False,False,False,False,"[{'endOffset': 676, 'label': 'summary', 'startOffset': 417}, {'endOffset': 4095, 'label': 'relevance', 'startOffset': 3757}, {'endOffset': 5869, 'label': 'quality', 'startOffset': 5498}, {'endOffset': 13357, 'label': 'relevance', 'startOffset': 13182}]",False,False,False,False,False,False,False,False,False,False,False,False,False,False,False,False,False,False,False,False,False,False,True,False,True,False,False,False,True,False,False,False,False,False,False,False,False,False,False,False,False,False,False,False,False,False,False,False,False,False,False,False,False,False,False,False,False,False,True,False,False,False,False,False,False,False,False,False,False,False,False,False,False,False,False,False,False,False,False,False,False,False,False,False,False,False,False,False,False,False,False,False,False,False,False,False,False,False,False,False,False,False,False,False,False,False,False,False,False,False,False,False,False,False,False,False,False,False,False,False,False,False,False,False,False,False,,,
8,22,High,False,strobe,Cross-Sectional Study,4,3.0,54,True,False,False,False,False,False,False,False,False,False,False,False,False,False,False,False,False,False,False,False,False,False,False,False,False,False,False,False,False,False,False,False,False,False,False,False,False,False,False,False,False,False,False,False,False,False,False,False,False,False,False,False,False,False,False,False,False,False,False,False,False,False,False,False,False,False,False,False,False,False,False,False,False,False,False,False,False,False,False,False,False,False,False,False,False,False,False,False,False,False,False,False,False,False,False,False,False,False,False,False,False,False,False,False,False,False,False,False,False,False,False,False,False,False,False,False,False,False,False,False,False,False,False,False,False,False,False,False,False,False,False,False,False,False,False,False,False,False,False,False,False,False,False,False,False,False,False,False,False,False,False,False,False,False,False,False,False,False,"[{'endOffset': 478, 'label': 'summary', 'startOffset': 333}, {'endOffset': 945, 'label': 'quality', 'startOffset': 479}]",False,False,False,False,False,False,False,False,False,False,False,False,False,False,False,False,False,False,False,False,False,False,False,False,True,False,False,False,False,False,False,False,False,False,False,False,False,False,False,False,False,False,False,False,False,False,False,False,False,False,False,False,False,False,False,False,False,False,False,False,False,False,False,False,True,True,False,False,False,False,False,False,False,False,False,False,False,False,False,False,False,True,False,False,False,False,False,False,True,False,False,False,False,False,False,False,False,False,False,False,False,False,False,False,False,False,False,False,False,False,False,False,False,False,False,False,False,False,False,False,False,False,False,False,False,False,,,
16,23,Low,True,,,3,,16,False,False,False,False,False,False,False,False,False,False,False,False,False,False,False,False,False,False,False,False,False,False,False,False,False,False,False,False,False,False,False,False,False,False,False,False,False,False,False,False,False,False,False,False,False,False,False,False,False,False,False,False,False,False,False,False,False,False,False,False,False,False,False,False,False,False,False,False,False,False,False,False,False,False,False,False,False,False,False,False,False,False,False,False,False,False,False,False,True,False,False,False,False,False,False,False,False,False,False,False,False,False,False,False,False,False,False,False,False,False,False,False,False,False,False,False,False,False,False,False,False,False,False,False,False,False,False,False,False,False,False,False,False,False,False,False,False,False,False,False,False,False,False,False,False,False,False,False,False,False,False,False,False,False,False,False,False,False,"[{'endOffset': 772, 'label': 'relevance', 'startOffset': 559}, {'endOffset': 941, 'label': 'relevance', 'startOffset': 815}, {'endOffset': 1113, 'label': 'relevance', 'startOffset': 945}, {'endOffset': 1158, 'label': 'relevance', 'startOffset': 1114}, {'endOffset': 1195, 'label': 'relevance', 'startOffset': 1163}, {'endOffset': 1466, 'label': 'relevance', 'startOffset': 1273}, {'endOffset': 1537, 'label': 'relevance', 'startOffset': 1471}, {'endOffset': 1562, 'label': 'relevance', 'startOffset': 1542}, {'endOffset': 1621, 'label': 'relevance', 'startOffset': 1567}, {'endOffset': 1651, 'label': 'relevance', 'startOffset': 1626}]",False,False,False,False,False,False,False,False,False,True,False,False,False,False,False,False,False,False,False,False,False,False,True,False,True,False,False,False,True,False,False,False,False,False,False,False,False,False,False,False,False,False,False,False,False,False,False,False,False,False,False,False,False,False,False,False,False,False,False,False,False,False,False,False,False,False,False,False,False,False,False,False,False,False,False,False,False,False,False,False,False,False,False,False,False,False,False,False,False,False,False,False,False,False,False,False,False,False,False,False,False,False,False,False,False,False,False,False,False,False,False,False,False,False,False,False,False,False,False,False,False,False,False,False,False,False,,,
18,23,Medium,False,tripod,Diagnostic Study,3,24.0,44,True,False,False,False,False,False,False,False,False,False,False,False,False,False,False,False,False,False,False,False,False,False,False,False,False,False,False,False,False,False,False,False,False,False,False,False,False,False,False,False,False,False,False,False,False,False,False,False,False,False,False,False,False,False,False,False,False,False,False,False,False,False,False,False,False,False,False,False,False,False,False,False,False,False,False,False,False,False,False,False,False,False,False,False,False,False,False,False,False,False,False,False,False,False,False,False,False,False,False,False,False,False,False,False,False,False,False,False,False,False,False,False,False,False,False,False,False,False,False,False,False,False,False,False,False,False,False,False,False,False,False,False,False,False,False,False,False,False,False,False,False,False,False,False,False,False,False,False,False,False,False,False,False,False,False,False,False,False,"[{'endOffset': 290, 'label': 'summary', 'startOffset': 282}, {'endOffset': 4899, 'label': 'quality', 'startOffset': 4768}, {'endOffset': 5195, 'label': 'quality', 'startOffset': 5062}, {'endOffset': 11404, 'label': 'quality', 'startOffset': 11364}, {'endOffset': 11630, 'label': 'quality', 'startOffset': 11516}, {'endOffset': 18094, 'label': 'quality', 'startOffset': 18053}, {'endOffset': 21116, 'label': 'quality', 'startOffset': 21085}, {'endOffset': 21403, 'label': 'relevance', 'startOffset': 21237}]",False,False,False,False,False,False,False,False,False,False,False,False,False,False,False,False,False,False,False,False,False,False,True,False,False,False,False,False,True,False,False,False,False,False,False,False,False,False,False,False,False,False,False,False,False,False,False,False,False,False,False,False,False,False,False,False,False,False,False,False,False,False,False,False,False,False,False,False,False,False,False,False,False,False,False,False,False,False,False,False,False,False,False,False,False,False,False,False,False,False,False,False,False,False,False,True,True,True,True,True,True,True,True,True,True,True,True,True,False,True,False,True,False,False,True,True,False,False,True,True,True,True,True,False,True,True,,,
17,23,Medium,True,tripod,Diagnostic Study,3,18.0,4,True,False,False,False,False,False,False,False,False,False,False,False,False,False,False,False,False,False,False,False,False,False,False,False,False,False,False,False,False,False,False,False,False,False,False,False,False,False,False,False,False,False,False,False,False,False,False,False,False,False,False,False,False,False,False,False,False,False,False,False,False,False,False,False,False,False,False,False,False,False,False,False,False,False,False,False,False,False,False,False,False,False,False,False,False,False,False,False,False,False,False,False,False,False,False,False,False,False,False,False,False,False,False,False,False,False,False,False,False,False,False,False,False,False,False,False,False,False,False,False,False,False,False,False,False,False,False,False,False,False,False,False,False,False,False,False,False,False,False,False,False,False,False,False,False,False,False,False,False,False,False,False,False,False,False,False,False,False,"[{'endOffset': 3798, 'label': 'summary', 'startOffset': 263}, {'endOffset': 5750, 'label': 'relevance', 'startOffset': 5559}, {'endOffset': 6587, 'label': 'relevance', 'startOffset': 6303}, {'endOffset': 7979, 'label': 'relevance', 'startOffset': 7690}, {'endOffset': 8800, 'label': 'quality', 'startOffset': 8393}, {'endOffset': 12128, 'label': 'relevance', 'startOffset': 11106}, {'endOffset': 13712, 'label': 'quality', 'startOffset': 12757}, {'endOffset': 13899, 'label': 'quality', 'startOffset': 13865}, {'endOffset': 14659, 'label': 'relevance', 'startOffset': 14099}, {'endOffset': 15191, 'label': 'relevance', 'startOffset': 14661}, {'endOffset': 15383, 'label': 'relevance', 'startOffset': 15292}, {'endOffset': 15728, 'label': 'relevance', 'startOffset': 15386}, {'endOffset': 19041, 'label': 'relevance', 'startOffset': 18264}, {'endOffset': 19233, 'label': 'relevance', 'startOffset': 19043}, {'endOffset': 20032, 'label': 'relevance', 'startOffset': 19500}, {'endOffset': 20670, 'label': 'relevance', 'startOffset': 20308}, {'endOffset': 22827, 'label': 'relevance', 'startOffset': 22519}, {'endOffset': 24301, 'label': 'relevance', 'startOffset': 24009}, {'endOffset': 26414, 'label': 'quality', 'startOffset': 26245}]",False,False,False,False,False,False,False,False,False,False,False,False,False,False,False,False,False,False,False,False,False,False,True,False,False,False,False,False,True,False,False,False,False,False,False,False,False,False,False,False,False,False,False,False,False,False,False,False,False,False,False,False,False,False,False,False,False,False,False,False,False,False,False,False,False,False,False,False,False,False,False,False,False,False,False,False,False,False,False,False,False,False,False,False,False,False,False,False,False,False,False,False,False,False,False,True,True,True,True,True,True,True,False,False,True,False,True,True,False,True,False,True,False,False,False,False,False,True,True,True,False,False,True,False,True,True,,,
19,24,Medium,False,,,3,,69,False,False,False,False,False,False,False,False,False,False,False,False,False,False,False,False,False,False,False,False,False,False,False,False,False,False,False,False,False,False,False,False,False,False,False,False,False,False,False,False,False,False,False,False,False,False,False,False,False,False,False,False,False,False,False,False,False,False,False,False,False,False,False,False,False,False,False,False,False,False,False,False,False,False,False,False,False,False,False,False,False,False,False,False,False,False,False,False,False,True,False,False,False,False,False,False,False,False,False,False,False,False,False,False,False,False,False,False,False,False,False,False,False,False,False,False,False,False,False,False,False,False,False,False,False,False,False,False,False,False,False,False,False,False,False,False,False,False,False,False,False,False,False,False,False,False,False,False,False,False,False,False,False,False,False,False,False,False,"[{'endOffset': 875, 'label': 'summary', 'startOffset': 702}, {'endOffset': 4314, 'label': 'relevance', 'startOffset': 4021}, {'endOffset': 4811, 'label': 'relevance', 'startOffset': 4433}, {'endOffset': 4976, 'label': 'relevance', 'startOffset': 4813}, {'endOffset': 6415, 'label': 'relevance', 'startOffset': 6112}, {'endOffset': 15666, 'label': 'relevance', 'startOffset': 15341}]",False,False,False,False,False,True,False,False,True,False,False,False,True,False,False,False,False,False,True,False,False,False,True,False,True,False,False,False,True,False,False,False,False,False,False,False,False,False,False,False,False,False,False,False,False,False,False,False,False,False,False,False,False,False,False,False,False,False,False,False,False,False,False,False,False,False,False,False,False,False,False,False,False,False,False,False,False,False,False,False,False,False,False,False,False,False,False,False,False,False,False,False,False,False,False,False,False,False,False,False,False,False,False,False,False,False,False,False,False,False,False,False,False,False,False,False,False,False,False,False,False,False,False,False,False,False,Formatting error,,
